pgs_id,mean,stdev
PGS000032,0.904308333,0.050300427
PGS000162,4.807087447,0.633007284
PGS002272,0.320424542,0
PHECODE15S,5.357225,0.127062676
TESTPGS,-0.639041667,0.666411691
